<beans 
	xmlns="http://www.springframework.org/schema/beans"
	xmlns:xsi="http://www.w3.org/2001/XMLSchema-instance"
	xmlns:context="http://www.springframework.org/schema/context"
	xsi:schemaLocation="
		http://www.springframework.org/schema/beans http://www.springframework.org/schema/beans/spring-beans-3.0.xsd
		http://www.springframework.org/schema/context http://www.springframework.org/schema/context/spring-context-3.0.xsd
	"> 
	
	<context:component-scan base-package="com.albertobottarini.springmvc"/>
	
	<bean class="org.springframework.web.servlet.view.UrlBasedViewResolver">
	    <property name="viewClass" value="org.springframework.web.servlet.view.JstlView"/>
	    <property name="prefix" value="/WEB-INF/view/"/>
	    <property name="suffix" value=".jsp"/>
	</bean>
	
	<bean class="org.springframework.web.servlet.view.BeanNameViewResolver">
	    <property name="order" value="1" />
	</bean> 
	
</beans>